<?xml version="1.0" encoding="UTF-8" standalone="yes"?>
<addon id="script.module.metalibrary" name="Meta Library" version="2018.08.08.2" provider-name="aenema">
	<requires>
		<import addon="xbmc.python" version="2.1.0" />
	</requires>
	<extension point="xbmc.python.module" library="lib" />
	<extension point="xbmc.python.pluginsource" library="lib/default.py" />
	<extension point="xbmc.addon.metadata">
		<platform>all</platform>
		<summary lang="en">Metadata database for fast Artwork in Kodi</summary>
		<description lang="en">Metadata database for fast Artwork in Kodi</description>
        <source>unknown</source>
	</extension>
</addon>
