<?xml version="1.0" encoding="UTF-8" standalone="yes"?>
<addon id="script.tvskipintro" version="2021.11.25" name="TV Skip Intro" provider-name="zDuts but all credit to aenema">
	<requires>
		<import addon="xbmc.python" version="3.00.0" />
	</requires>
	<extension point="xbmc.python.pluginsource" library="main.py">
		<provides>executable</provides>
	</extension>
	<extension point="xbmc.service" library="service.py" start="startup" />
	<extension point="xbmc.addon.metadata">
        <description>Prompt a Skip Intro dialog Netflix style. Skips intro for your favourite shows. The addon creates a database of your shows and stores a custom set skip value</description>
	
		<summary lang="en">Skip TV Shows Intro</summary>
		<platform>all</platform>
		<forum>-</forum>
		<website>-</website>
		<source>-</source>
		<news>-</news>
	</extension>
</addon>
